<?xml version="1.0" encoding="UTF-8"?><metadata>
<idinfo>
<citation>
<citeinfo>
<pubdate>unknown</pubdate>
<title>Neighborhood Clusters</title>
<geoform>vector digital data</geoform>
</citeinfo>
</citation>
<descript>
<abstract>This data set describes the 39 Neighborhood Clusters currently used for community planning and related purposes in the District of Columbia. These are not individual neighborhood boundaries. The Government of the District of Columbia does not provide official neighborhood boundaries however it does share common neighborhood labels as centroids.These do not reflect precise neighborhood locations and do not necessarily include all commonly-used neighborhood designations.  However DC Government does share common neighborhood labels as centroids. There is no formal set of standards that describes which neighborhoods are included in this dataset.  Note that the District of Columbia does not have official neighborhood boundaries.</abstract>
<purpose>Neighborhood Clusters</purpose>
</descript>
<spdom>
<bounding>
<westbc>-77.119896</westbc>
<eastbc>-76.909016</eastbc>
<northbc>38.995967</northbc>
<southbc>38.791582</southbc>
</bounding>
</spdom>
<keywords>
<theme>
<themekt>ISO 19115 Topic Categories</themekt>
<themekey>boundaries</themekey>
<themekey>society</themekey>
</theme>
<theme>
<themekt>None</themekt>
<themekey>Administrative</themekey>
<themekey>DC GIS</themekey>
<themekey>District of Columbia</themekey>
<themekey>labels</themekey>
<themekey>neighborhood</themekey>
<themekey>planning</themekey>
<themekey>political</themekey>
<themekey>Washington DC</themekey>
</theme>
</keywords>
<accconst>None</accconst>
<useconst>This work is licensed under a Creative Commons Attribution 4.0 International License.</useconst>
<ptcontac>
<cntinfo>
<cntorgp>
<cntorg>D.C. Office of the Chief Technology Officer</cntorg>
<cntper>GIS Data Coordinator</cntper>
</cntorgp>
<cntaddr>
<addrtype>mailing and physical</addrtype>
<address>200 I Street SE, 5th Floor</address>
<city>Washington</city>
<state>DC</state>
<postal>20003</postal>
<country>US</country>
</cntaddr>
<cntfax>(202) 727-5660</cntfax>
<cntemail>dcgis@dc.gov</cntemail>
<hours>8:30 am - 5 pm</hours>
</cntinfo>
</ptcontac>
</idinfo>
<spdoinfo>
<direct>Vector</direct>
<ptvctinf>
<sdtsterm>
<sdtstype>GT-polygon composed of chains</sdtstype>
<ptvctcnt>46</ptvctcnt>
</sdtsterm>
</ptvctinf>
</spdoinfo>
<eainfo>
<detailed>
<enttyp>
<enttypl>DCGIS.NbhClusPly</enttypl>
</enttyp>
<attr>
<attrlabl>NBH_NAMES</attrlabl>
</attr>
<attr>
<attrlabl>Shape</attrlabl>
<attrdef>OCTO GIS sequential identifier</attrdef>
<attrdefs>ESRI</attrdefs>
<attrdomv>
          <udom>Coordinates defining the features.</udom>
        </attrdomv>
</attr>
<attr>
<attrlabl>OBJECTID</attrlabl>
<attrdef>Cluster Web link url</attrdef>
</attr>
<attr>
<attrlabl>GIS_ID</attrlabl>
<attrdef>Cluster name</attrdef>
</attr>
<attr>
<attrlabl>WEB_URL</attrlabl>
<attrdef>Neighborhood names in cluster</attrdef>
<attrdefs>ESRI</attrdefs>
<attrdomv>
          <udom>Sequential unique whole numbers that are automatically generated.</udom>
        </attrdomv>
</attr>
<attr>
<attrlabl>Editor</attrlabl>
</attr>
<attr>
<attrlabl>Edited</attrlabl>
</attr>
<attr>
<attrlabl>NAME</attrlabl>
<attrdef>Length of feature in internal units.</attrdef>
<attrdefs>ESRI</attrdefs>
<attrdomv>
          <udom>Positive real numbers that are automatically generated.</udom>
        </attrdomv>
</attr>
<attr>
<attrlabl>SHAPE.AREA</attrlabl>
</attr>
<attr>
<attrlabl>SHAPE.LEN</attrlabl>
<attrdef>Feature geometry.</attrdef>
<attrdefs>Esri</attrdefs>
<attrdomv>
          <udom>Coordinates defining the features.</udom>
        </attrdomv>
</attr>
<attr>
<attrlabl>SHAPE</attrlabl>
<attrdef>Feature geometry.</attrdef>
<attrdefs>ESRI</attrdefs>
<attrdomv>
          <udom>Coordinates defining the features.</udom>
        </attrdomv>
</attr>
<attr>
<attrlabl>Type</attrlabl>
<attrdef>Length of feature in internal units.</attrdef>
<attrdefs>Esri</attrdefs>
<attrdomv>
          <udom>Positive real numbers that are automatically generated.</udom>
        </attrdomv>
</attr>
<attr>
<attrlabl>GlobalID</attrlabl>
</attr>
<attr>
<attrlabl>Creator</attrlabl>
</attr>
<attr>
<attrlabl>Created</attrlabl>
</attr>
</detailed>
</eainfo>
<distinfo>
<distrib>
<cntinfo>
<cntorgp>
<cntorg>D.C. Office of the Chief Technology Officer</cntorg>
<cntper>GIS Data Coordinator</cntper>
</cntorgp>
<cntaddr>
<addrtype>mailing and physical</addrtype>
<address>200 I Street SE, 5th Floor</address>
<city>Washington</city>
<state>DC</state>
<postal>20003</postal>
<country>US</country>
</cntaddr>
<cntfax>(202) 727-5660</cntfax>
<cntemail>dcgis@dc.gov</cntemail>
<hours>8:30 am - 5 pm</hours>
</cntinfo>
</distrib>
<distliab>See access and use constraints information.</distliab>
<custom>DC datasets can be downloaded from "http://opendata.dc.gov".</custom>
</distinfo>
<metainfo>
<metd>20171101</metd>
<metc>
<cntinfo>
<cntorgp>
<cntorg>D.C. Office of the Chief Technology Officer</cntorg>
<cntper>GIS Data Coordinator</cntper>
</cntorgp>
<cntaddr>
<addrtype>mailing and physical</addrtype>
<address>200 I Street SE, 5th Floor</address>
<city>Washington</city>
<state>DC</state>
<postal>20003</postal>
<country>US</country>
</cntaddr>
<cntfax>(202) 727-5660</cntfax>
<cntemail>dcgis@dc.gov</cntemail>
<hours>8:30 am - 5 pm</hours>
</cntinfo>
</metc>
<metstdn>FGDC Content Standard for Digital Geospatial Metadata</metstdn>
<metstdv>FGDC-STD-001-1998</metstdv>
<mettc>local time</mettc>
</metainfo>
</metadata>
